{"train_loss":0.18891257047653198,"train_accuracy":0.9375,"epoch":4,"_timestamp":1.768322535804997e+09,"_wandb":{"runtime":55},"_runtime":55.2938572,"_step":4689}