{"_step":9379,"_runtime":108.0471977,"_wandb":{"runtime":108},"train_loss":0.05803050100803375,"train_accuracy":1,"epoch":9,"_timestamp":1.7683244303630888e+09}