{"train_accuracy":0.9375,"epoch":4,"_timestamp":1.7683241690191424e+09,"_step":4689,"_wandb":{"runtime":53},"_runtime":53.8627901,"train_loss":0.26063671708106995}