{"_wandb":{"runtime":102},"_runtime":102.7473245,"_step":9379,"train_loss":0.16254064440727234,"train_accuracy":0.9375,"epoch":9,"_timestamp":1.7683248334034235e+09}