{"_step":4689,"train_loss":0.1495506316423416,"train_accuracy":0.9375,"epoch":9,"_timestamp":1.7683242943388813e+09,"_wandb":{"runtime":99},"_runtime":99.5814261}