{"train_loss":0.16672790050506592,"train_accuracy":0.9375,"epoch":4,"_wandb":{"runtime":50},"_runtime":50.4356155,"_timestamp":1.7683247108741667e+09,"_step":2344}