{"_runtime":105,"_step":9379,"train_loss":0.029491540044546127,"train_accuracy":1,"_timestamp":1.7683220379196768e+09,"_wandb":{"runtime":105}}