{"train_accuracy":0.875,"_timestamp":1.7683222844866865e+09,"_wandb":{"runtime":106},"_runtime":106,"_step":9379,"train_loss":0.2657170593738556}