{"train_accuracy":1,"epoch":9,"_timestamp":1.7683249551319113e+09,"_step":9379,"_wandb":{"runtime":107},"_runtime":107.7756796,"train_loss":0.07876028120517731}