{"epoch":4,"_timestamp":1.768323935500785e+09,"_step":9374,"train_loss":0.3730926215648651,"train_accuracy":0.875,"_wandb":{"runtime":65},"_runtime":65.7039165}