{"epoch":14,"_timestamp":1.7683246471983166e+09,"_step":28124,"_wandb":{"runtime":194},"_runtime":194.8672983,"train_loss":0.21891988813877106,"train_accuracy":0.9375}