{"_step":9379,"_wandb":{"runtime":109},"_runtime":109.788532,"train_loss":0.017548957839608192,"train_accuracy":1,"epoch":9,"_timestamp":1.7683240981432974e+09}