{"_wandb":{"runtime":51},"_runtime":51.9207285,"train_accuracy":0.9375,"epoch":4,"_timestamp":1.768325043423799e+09,"_step":4689,"train_loss":0.27287474274635315}